Date, Close/Last, Volume, Open, High, Low
01/29/2021, $325, 50566060, $379.71, $413.98, $250
01/28/2021, $193.6, 58815810, $265, $483, $112.25
01/27/2021, $347.51, 93396670, $354.83, $380, $249
01/26/2021, $147.98, 178588000, $88.56, $150, $80.2
01/25/2021, $76.79, 177874000, $96.73, $159.18, $61.13
01/22/2021, $65.01, 197157900, $42.59, $76.7573, $42.32
01/21/2021, $43.03, 57079750, $39.23, $44.75, $37
01/20/2021, $39.12, 33471790, $37.37, $41.1899, $36.06
01/19/2021, $39.36, 74721920, $41.55, $45.52, $36.64
01/15/2021, $35.5, 46866360, $38.49, $40.75, $34.01
01/14/2021, $39.91, 93717410, $38.09, $43.06, $33.05
01/13/2021, $31.4, 144501700, $20.42, $38.65, $20.03
01/12/2021, $19.95, 7060665, $19.96, $20.4, $19.3168
01/11/2021, $19.94, 14927610, $19.41, $20.65, $19.01
01/08/2021, $17.69, 6481960, $18.18, $18.3, $17.08
01/07/2021, $18.08, 6129276, $18.47, $19.45, $18.02
01/06/2021, $18.36, 6056248, $17.34, $18.98, $17.33
01/05/2021, $17.37, 4961457, $17.35, $18.0765, $17.23
01/04/2021, $17.25, 10022470, $19, $19.1, $17.15
12/31/2020, $18.84, 6922652, $19.25, $19.8, $18.8
12/30/2020, $19.26, 5934391, $19.38, $20, $18.85
12/29/2020, $19.38, 9241441, $20.82, $21.07, $18.56
12/28/2020, $20.99, 8965858, $21.31, $21.97, $20.35
12/24/2020, $20.15, 6262174, $21.01, $21.48, $19.95
12/23/2020, $20.57, 25830260, $20.17, $22.3499, $19.13
12/22/2020, $19.46, 30687720, $16.22, $20.04, $16.15
12/21/2020, $15.53, 9876128, $15.81, $16.348, $15.28
12/18/2020, $15.63, 16618780, $15.78, $16.3, $15.18
12/17/2020, $14.83, 8194902, $13.96, $14.98, $13.59
12/16/2020, $13.85, 5865123, $13.96, $14.305, $13.58
12/15/2020, $13.85, 8192856, $12.78, $14.02, $12.48
12/14/2020, $12.72, 10007090, $13.34, $13.4335, $12.14
12/11/2020, $13.31, 7496868, $13.91, $14, $13.02
12/10/2020, $14.12, 7558922, $13.12, $14.41, $13.05
12/09/2020, $13.66, 24357940, $13.92, $14.73, $13.225
12/08/2020, $16.94, 16120160, $16.37, $17.21, $15.93
12/07/2020, $16.35, 7386258, $17, $17.5, $16.22
12/04/2020, $16.9, 8972672, $16.3, $17.29, $16.26
12/03/2020, $16.12, 6294965, $16.48, $16.64, $15.87
12/02/2020, $16.58, 7883380, $15.7, $16.68, $15.38
12/01/2020, $15.8, 12666030, $17.11, $17.4, $15.76
11/30/2020, $16.56, 31983500, $18.17, $19.42, $16.5575
11/27/2020, $16.08, 12504200, $15.29, $16.74, $14.88
11/25/2020, $14.75, 8860092, $13.6, $15.25, $13.42
11/24/2020, $13.67, 7186710, $14.23, $14.26, $13.3
11/23/2020, $13.9, 9607973, $12.9, $14.12, $12.67
11/20/2020, $12.71, 8402347, $12.55, $13.46, $12.54
11/19/2020, $12.46, 11787610, $11.6, $12.79, $11.45
11/18/2020, $11.57, 3169222, $11.8, $12.04, $11.56
11/17/2020, $11.63, 6678176, $11.65, $11.92, $11.23
11/16/2020, $12.06, 9774824, $11.16, $12.6602, $10.72
11/13/2020, $11.01, 3546171, $11.36, $11.55, $11
11/12/2020, $11.13, 4355892, $11.74, $11.87, $10.97
11/11/2020, $11.75, 4882569, $11.5, $11.95, $11.21
11/10/2020, $11.1, 3825963, $11.5, $11.66, $10.83
11/09/2020, $11.49, 6244865, $12.76, $12.93, $11.25
11/06/2020, $11.86, 5518243, $11.52, $12.17, $11.32
11/05/2020, $11.45, 4705245, $11.27, $11.84, $11.06
11/04/2020, $10.91, 5807871, $11.76, $11.7699, $10.61
11/03/2020, $11.57, 7454472, $10.75, $11.86, $10.63
11/02/2020, $10.75, 5227011, $10.82, $11.09, $10.5
10/30/2020, $10.47, 11562370, $11.64, $11.64, $10.36
10/29/2020, $11.73, 4165843, $11.88, $12.25, $11.6801
10/28/2020, $11.82, 6388580, $12.27, $13.05, $11.78
10/27/2020, $12.69, 7231006, $13.71, $13.71, $12.36
10/26/2020, $13.45, 13376270, $14.93, $15.45, $13.26
10/23/2020, $15, 6507324, $15.05, $15.38, $14.55
10/22/2020, $14.91, 16212230, $14.2, $15.87, $14.19
10/21/2020, $14.1, 5361928, $13.9, $14.42, $13.8
10/20/2020, $13.86, 6603951, $14.03, $14.143, $13.665
10/19/2020, $13.91, 13169070, $13.44, $14.5, $13.38
10/16/2020, $13.31, 11651580, $13.77, $13.9, $13.08
10/15/2020, $13.83, 39894820, $11.99, $15.1, $11.99
10/14/2020, $12.25, 10776760, $12.67, $12.68, $12.05
10/13/2020, $11.88, 10179710, $11.73, $12.42, $11.65
10/12/2020, $11.8, 23655700, $11.66, $12.7662, $11.4
10/09/2020, $12.02, 77152780, $12.83, $14.8, $11.9
10/08/2020, $13.49, 76453560, $9.54, $13.64, $9.19
10/07/2020, $9.36, 3308644, $9.23, $9.56, $9.1678
10/06/2020, $9.13, 4535421, $9.56, $9.835, $9.1
10/05/2020, $9.46, 2804969, $9.44, $9.59, $9.2502
10/02/2020, $9.39, 4340484, $9.38, $9.78, $9.3
10/01/2020, $9.77, 4554055, $10.09, $10.25, $9.69
09/30/2020, $10.2, 6079033, $10.25, $10.7597, $10.06
09/29/2020, $10.35, 5244339, $10, $10.65, $9.93
09/28/2020, $10.09, 6764323, $10.16, $10.26, $9.55
09/25/2020, $10.02, 7515157, $9.19, $10.1826, $9.1
09/24/2020, $9.14, 7938838, $9.71, $9.81, $9.01
09/23/2020, $10.04, 10651150, $10.6, $10.86, $9.92
09/22/2020, $10.56, 34752480, $10.45, $11.1699, $9.9
09/21/2020, $8.75, 7639806, $9.35, $9.6, $8.38
09/18/2020, $9.47, 17407510, $9.2, $9.77, $8.91
09/17/2020, $9.2, 17026720, $8.57, $9.77, $8.41
09/16/2020, $8.68, 19346510, $7.03, $9.04, $7.03
09/15/2020, $7.09, 5743489, $6.86, $7.26, $6.685
09/14/2020, $6.91, 10118970, $6.8, $7, $6.43
09/11/2020, $6.09, 6061190, $6.26, $6.33, $5.87
09/10/2020, $6.23, 15558280, $6.65, $6.95, $6.19
09/09/2020, $7.35, 9068082, $7.96, $7.99, $7.31
09/08/2020, $7.7, 9816620, $7.55, $8.28, $7.48
09/04/2020, $7.65, 7661994, $7.78, $7.92, $7.17
09/03/2020, $7.82, 14344500, $7.88, $8.45, $7.24
09/02/2020, $7.71, 13011110, $7.8, $8.05, $7.11
09/01/2020, $7.65, 23211050, $7.3, $7.82, $6.77
08/31/2020, $6.68, 37976000, $5.77, $7.15, $5.69
08/28/2020, $5.39, 4236926, $5.3, $5.565, $5.215
08/27/2020, $5.25, 3384658, $5.11, $5.3799, $5.02
08/26/2020, $5.11, 2779664, $4.97, $5.22, $4.9199
08/25/2020, $4.98, 2998678, $4.88, $5.25, $4.88
08/24/2020, $4.87, 4585366, $5.1, $5.13, $4.56
08/21/2020, $5.03, 10642590, $4.6, $5.6, $4.595
08/20/2020, $4.61, 2441184, $4.62, $4.68, $4.51
08/19/2020, $4.72, 2612583, $4.8, $4.84, $4.64
08/18/2020, $4.81, 3834840, $4.61, $4.87, $4.435
08/17/2020, $4.63, 2370970, $4.78, $4.78, $4.555
08/14/2020, $4.75, 3474692, $4.6, $4.83, $4.545
08/13/2020, $4.64, 2128313, $4.52, $4.71, $4.4966
08/12/2020, $4.52, 3057594, $4.4, $4.63, $4.36
08/11/2020, $4.35, 3139105, $4.43, $4.57, $4.34
08/10/2020, $4.33, 4561772, $4.2, $4.57, $4.18
08/07/2020, $4.16, 3341099, $4.39, $4.4, $4.06
08/06/2020, $4.43, 1901224, $4.6, $4.655, $4.3801
08/05/2020, $4.63, 4925697, $4.5, $4.76, $4.245
08/04/2020, $4.43, 10361360, $4.13, $4.7375, $4.13
08/03/2020, $4.15, 2518010, $4.03, $4.25, $3.995
07/31/2020, $4.01, 1879553, $4.06, $4.16, $3.99
07/30/2020, $4.1, 2398485, $4, $4.23, $3.97
07/29/2020, $4.06, 2879626, $3.94, $4.18, $3.92
07/28/2020, $3.94, 4555392, $3.96, $4.049, $3.92
07/27/2020, $4.01, 2472696, $4.02, $4.12, $3.95
07/24/2020, $4.03, 2216295, $4.06, $4.23, $4.01
07/23/2020, $4.11, 3237550, $4.09, $4.305, $4.06
07/22/2020, $4.11, 2523547, $4.02, $4.12, $3.92
07/21/2020, $4.01, 3341012, $3.9, $4.09, $3.88
07/20/2020, $3.85, 3401088, $3.95, $4.06, $3.77
07/17/2020, $3.96, 3066549, $4.16, $4.23, $3.9381
07/16/2020, $4.17, 1330461, $4.19, $4.2, $4.09
07/15/2020, $4.19, 1474126, $4.13, $4.29, $4.13
07/14/2020, $4.08, 2261589, $4.22, $4.31, $4.0725
07/13/2020, $4.26, 4216265, $4.35, $4.5479, $4.26
07/10/2020, $4.34, 1410828, $4.2, $4.38, $4.1843
07/09/2020, $4.21, 1992621, $4.27, $4.32, $4.13
07/08/2020, $4.26, 2052829, $4.1, $4.29, $4.03
07/07/2020, $4.09, 2456970, $4.2, $4.2475, $4.06
07/06/2020, $4.24, 2140879, $4.31, $4.34, $4.19
07/02/2020, $4.29, 1887751, $4.49, $4.51, $4.29
07/01/2020, $4.44, 2304101, $4.31, $4.5, $4.31
06/30/2020, $4.34, 3889029, $4.33, $4.51, $4.2
06/29/2020, $4.38, 2131330, $4.35, $4.52, $4.3
06/26/2020, $4.35, 3801155, $4.48, $4.5, $4.27
06/25/2020, $4.46, 2450936, $4.33, $4.54, $4.295
06/24/2020, $4.41, 2976209, $4.83, $4.84, $4.38
06/23/2020, $4.83, 3205372, $4.95, $4.99, $4.8
06/22/2020, $4.87, 3178966, $4.79, $4.95, $4.715
06/19/2020, $4.88, 7365867, $4.95, $5.084, $4.69
06/18/2020, $4.95, 3423827, $4.67, $4.95, $4.65
06/17/2020, $4.76, 3593466, $4.54, $4.831, $4.5301
06/16/2020, $4.64, 3123535, $4.95, $4.95, $4.51
06/15/2020, $4.69, 3910385, $4.5, $4.77, $4.42
06/12/2020, $4.72, 4378192, $4.6, $4.78, $4.39
06/11/2020, $4.37, 6235993, $4.64, $4.8999, $4.18
06/10/2020, $5.07, 10606370, $4.78, $5.53, $4.68
06/09/2020, $4.96, 8073448, $5, $5, $4.5519
06/08/2020, $5.01, 10133660, $4.28, $5.1382, $4.2737
06/05/2020, $4.14, 6274428, $4.29, $4.41, $4.09
06/04/2020, $4.47, 3514299, $4.44, $4.72, $4.37
06/03/2020, $4.44, 3037424, $4.24, $4.52, $4.2
06/02/2020, $4.18, 2369780, $4.27, $4.308, $4.06
06/01/2020, $4.13, 2618424, $4.12, $4.355, $4.02
05/29/2020, $4.06, 3973540, $4.33, $4.42, $4.05
05/28/2020, $4.33, 2184367, $4.75, $4.76, $4.3
05/27/2020, $4.69, 3146603, $4.57, $4.71, $4.355
05/26/2020, $4.42, 3545926, $4.34, $4.61, $4.33
05/22/2020, $4.18, 2379851, $4.46, $4.49, $4.13
05/21/2020, $4.44, 1971906, $4.45, $4.65, $4.4
05/20/2020, $4.43, 2543609, $4.5, $4.69, $4.335
05/19/2020, $4.44, 1840732, $4.58, $4.75, $4.37
05/18/2020, $4.58, 2371694, $4.4, $4.63, $4.36
05/15/2020, $4.22, 1940704, $4.05, $4.45, $4.041
05/14/2020, $4.13, 2004868, $4.15, $4.19, $3.96
05/13/2020, $4.21, 2882877, $4.54, $4.54, $4.07
05/12/2020, $4.54, 2639157, $4.78, $4.92, $4.4601
05/11/2020, $4.76, 1699158, $4.92, $4.959, $4.75
05/08/2020, $4.98, 2353661, $4.88, $5.19, $4.82
05/07/2020, $4.87, 2501195, $4.83, $4.935, $4.65
05/06/2020, $4.93, 3369640, $5.4, $5.4, $4.9
05/05/2020, $5.39, 2105919, $5.55, $5.63, $5.3501
05/04/2020, $5.48, 4068105, $5.84, $5.93, $5.4
05/01/2020, $6.05, 4005598, $5.65, $6.18, $5.45
04/30/2020, $5.73, 2173530, $5.87, $5.975, $5.64
04/29/2020, $6.04, 3370045, $5.83, $6.09, $5.4502
04/28/2020, $5.64, 5200189, $5.92, $6.04, $5.06
04/27/2020, $5.82, 7275138, $4.85, $5.99, $4.81
04/24/2020, $4.77, 2236544, $4.78, $4.85, $4.66
04/23/2020, $4.7, 2265853, $4.75, $4.89, $4.58
04/22/2020, $4.89, 2678133, $5.14, $5.17, $4.83
04/21/2020, $4.78, 4142050, $5.23, $5.3, $4.76
04/20/2020, $5.61, 6085011, $4.85, $5.9, $4.78
04/17/2020, $4.88, 5653188, $5.22, $5.28, $4.43
04/16/2020, $5.03, 3371921, $5.12, $5.44, $4.88
04/15/2020, $5.27, 7499854, $5.66, $5.67, $4.9
04/14/2020, $5.95, 13506630, $5.21, $6.47, $5.14
04/13/2020, $4.74, 6844501, $4.25, $4.76, $4.16
04/09/2020, $3.89, 5908916, $3.6, $4.25, $3.49
04/08/2020, $3.41, 2884528, $3.23, $3.6701, $3.2
04/07/2020, $3.27, 2836859, $3.39, $3.4399, $3.1
04/06/2020, $3.09, 3340544, $2.86, $3.2, $2.825
04/03/2020, $2.8, 3830761, $2.85, $2.94, $2.57
04/02/2020, $2.85, 4064339, $3.26, $3.35, $2.85
04/01/2020, $3.25, 4568695, $3.45, $3.49, $3.12
03/31/2020, $3.5, 2304132, $3.63, $3.8, $3.5
03/30/2020, $3.65, 3350571, $4.22, $4.27, $3.65
03/27/2020, $4.22, 7024763, $4.94, $5.09, $4.15
03/26/2020, $4.41, 6210979, $4.24, $4.71, $4.24
03/25/2020, $4.17, 3592059, $4.15, $4.49, $4.04
03/24/2020, $4.16, 6805659, $3.95, $4.21, $3.8901
03/23/2020, $3.81, 6009784, $3.58, $3.86, $3.5
03/20/2020, $3.76, 7722194, $4.08, $4.08, $3.65
03/19/2020, $4.19, 5039539, $3.71, $4.2, $3.55
03/18/2020, $3.77, 3651709, $4.1, $4.25, $3.5
03/17/2020, $4.23, 3562210, $4.4, $4.65, $4.11
03/16/2020, $4.37, 4866696, $3.93, $4.57, $3.9
03/13/2020, $4.59, 5787211, $4.13, $4.65, $3.845
03/12/2020, $3.98, 5123363, $3.7, $4.04, $3.48
03/11/2020, $4.14, 4414196, $4.14, $4.25, $4
03/10/2020, $4.23, 4863169, $3.94, $4.26, $3.8
03/09/2020, $3.7, 2732022, $3.59, $3.97, $3.5
03/06/2020, $3.92, 2096803, $3.84, $4.07, $3.76
03/05/2020, $3.96, 3599627, $3.7, $3.99, $3.59
03/04/2020, $3.77, 4257629, $3.71, $3.83, $3.46
03/03/2020, $3.63, 4282456, $3.88, $3.89, $3.5
03/02/2020, $3.83, 3208428, $3.6, $3.85, $3.39
02/28/2020, $3.6, 4692197, $3.34, $3.72, $3.34
02/27/2020, $3.47, 3879480, $3.23, $3.625, $3.1849
02/26/2020, $3.39, 4725372, $3.58, $3.62, $3.36
02/25/2020, $3.56, 4447956, $3.77, $3.79, $3.55
02/24/2020, $3.7, 3566289, $3.9, $3.93, $3.7
02/21/2020, $4.04, 1695693, $4.12, $4.18, $3.99
02/20/2020, $4.14, 1562341, $4.16, $4.295, $4.1077
02/19/2020, $4.15, 2593092, $4.06, $4.27, $3.915
02/18/2020, $4.06, 1467612, $4.01, $4.08, $3.96
02/14/2020, $4.02, 1582660, $4.11, $4.19, $4.02
02/13/2020, $4.11, 2081693, $4.12, $4.26, $4.07
02/12/2020, $4.19, 4820604, $4.13, $4.51, $4.07
02/11/2020, $4.02, 3415023, $3.98, $4.24, $3.95
02/10/2020, $3.94, 2777042, $3.85, $4.1, $3.74
02/07/2020, $3.81, 2742281, $4.11, $4.13, $3.77
02/06/2020, $4.14, 1510303, $4.2, $4.3, $4.135
02/05/2020, $4.18, 2641722, $4.15, $4.41, $4.14
02/04/2020, $4.07, 3563061, $4.03, $4.25, $3.97
02/03/2020, $3.95, 2026199, $3.88, $3.98, $3.85
01/31/2020, $3.84, 2891764, $3.91, $3.94, $3.83
01/30/2020, $3.93, 3006733, $4.1, $4.12, $3.88
01/29/2020, $4.13, 1552557, $4.22, $4.315, $4.13
01/28/2020, $4.21, 2144936, $4.3, $4.3, $4.18
01/27/2020, $4.28, 2122804, $4.2, $4.35, $4.16
01/24/2020, $4.32, 4163697, $4.64, $4.64, $4.25
01/23/2020, $4.62, 1880214, $4.55, $4.64, $4.46
01/22/2020, $4.56, 2627486, $4.55, $4.64, $4.46
01/21/2020, $4.59, 3532137, $4.75, $4.75, $4.55
01/17/2020, $4.75, 4019524, $4.58, $4.75, $4.51
01/16/2020, $4.62, 4287065, $4.61, $4.71, $4.52
01/15/2020, $4.61, 4981116, $4.66, $4.73, $4.55
01/14/2020, $4.71, 12562570, $4.78, $5, $4.53
01/13/2020, $5.43, 3634014, $5.43, $5.61, $5.33
01/10/2020, $5.43, 2781412, $5.56, $5.6, $5.38
01/09/2020, $5.55, 2643051, $5.82, $5.82, $5.48
01/08/2020, $5.72, 5629445, $5.49, $5.85, $5.41
01/07/2020, $5.52, 5235519, $5.77, $5.8282, $5.44
01/06/2020, $5.85, 3394777, $5.8, $5.91, $5.6
01/03/2020, $5.88, 3550961, $6.21, $6.25, $5.835
01/02/2020, $6.31, 4430750, $6.14, $6.47, $6.07
12/31/2019, $6.08, 4322610, $6.08, $6.39, $5.99
12/30/2019, $6.13, 4482348, $5.88, $6.245, $5.76
12/27/2019, $5.9, 11041290, $5.42, $5.98, $5.39
12/26/2019, $5.4, 4266153, $5.47, $5.51, $5.245
12/24/2019, $5.44, 3395510, $5.65, $5.67, $5.44
12/23/2019, $5.61, 6282908, $6.05, $6.07, $5.54
12/20/2019, $5.99, 5484629, $6.06, $6.22, $5.96
12/19/2019, $6.06, 4451979, $6.21, $6.24, $6.025
12/18/2019, $6.16, 5265606, $6.06, $6.27, $5.93
12/17/2019, $6.06, 4142334, $5.5, $6.08, $5.49
12/16/2019, $5.5, 4407206, $5.39, $5.59, $5.39
12/13/2019, $5.45, 5439083, $5.47, $5.62, $5.235
12/12/2019, $5.58, 6387374, $5.46, $5.7096, $5.41
12/11/2019, $5.53, 19538910, $5.25, $5.81, $5.18
12/10/2019, $6.51, 9718849, $6.29, $6.54, $6.12
12/09/2019, $6.33, 6351558, $6.65, $6.92, $6.19
12/06/2019, $6.68, 4757388, $6.39, $6.68, $6.39
12/05/2019, $6.4, 4381413, $6.32, $6.52, $6.235
12/04/2019, $6.43, 2872485, $6.17, $6.49, $6.12
12/03/2019, $6.12, 2216198, $6.04, $6.18, $5.93
12/02/2019, $6.17, 2060626, $6.35, $6.46, $6.09
11/29/2019, $6.34, 1368983, $6.33, $6.39, $6.235
11/27/2019, $6.35, 3031154, $6.1, $6.39, $6.02
11/26/2019, $6.1, 2650689, $6.03, $6.26, $6.01
11/25/2019, $6.03, 2744888, $5.67, $6.06, $5.63
11/22/2019, $5.66, 3494050, $5.59, $5.85, $5.5
11/21/2019, $5.5, 2784021, $5.46, $5.58, $5.35
11/20/2019, $5.46, 2666697, $5.54, $5.54, $5.3601
11/19/2019, $5.5, 3360548, $5.57, $5.66, $5.45
11/18/2019, $5.62, 2995894, $5.85, $5.85, $5.61
11/15/2019, $5.88, 2166051, $6, $6.01, $5.85
11/14/2019, $5.98, 1708735, $5.95, $6.11, $5.9
11/13/2019, $5.94, 1533919, $5.91, $5.97, $5.81
11/12/2019, $5.92, 1834485, $6.03, $6.07, $5.87
11/11/2019, $6.02, 3109457, $6.05, $6.09, $5.77
11/08/2019, $6.09, 1968720, $6.17, $6.28, $6.05
11/07/2019, $6.22, 3129283, $6.18, $6.315, $6.04
11/06/2019, $6.09, 4128292, $5.9, $6.19, $5.82
11/05/2019, $5.91, 3374121, $5.88, $6.2, $5.86
11/04/2019, $5.85, 3670049, $5.9, $6.02, $5.77
11/01/2019, $5.84, 5210355, $5.45, $6, $5.43
10/31/2019, $5.44, 4358572, $5.63, $5.685, $5.31
10/30/2019, $5.73, 3739543, $5.76, $5.83, $5.52
10/29/2019, $5.81, 3918778, $6.21, $6.25, $5.785
10/28/2019, $6.19, 2854744, $6.38, $6.49, $6.17
10/25/2019, $6.35, 2645415, $6.32, $6.43, $6.25
10/24/2019, $6.42, 4277374, $6.5, $6.55, $6.03
10/23/2019, $6.43, 4073142, $6.33, $6.62, $6.23
10/22/2019, $6.39, 4176832, $5.93, $6.44, $5.93
10/21/2019, $5.93, 3611903, $5.98, $6.16, $5.82
10/18/2019, $5.94, 3197108, $6.03, $6.05, $5.77
10/17/2019, $6.03, 3641113, $5.89, $6.05, $5.8
10/16/2019, $5.88, 3884788, $5.58, $5.91, $5.58
10/15/2019, $5.61, 6351119, $5.6, $5.91, $5.59
10/14/2019, $5.58, 5406311, $5.32, $5.59, $5.22
10/11/2019, $5.37, 5910838, $5.14, $5.49, $5.14
10/10/2019, $5.05, 5259227, $5.02, $5.15, $4.96
10/09/2019, $4.99, 5865592, $5.25, $5.3, $4.96
10/08/2019, $5.23, 4823410, $5.43, $5.44, $5.16
10/07/2019, $5.49, 4439476, $5.48, $5.58, $5.41
10/04/2019, $5.55, 4234207, $5.43, $5.56, $5.37
10/03/2019, $5.42, 4437568, $5.3, $5.48, $5.23
10/02/2019, $5.32, 8464988, $5.55, $5.5532, $5.24
10/01/2019, $5.58, 6592949, $5.64, $5.815, $5.49
09/30/2019, $5.52, 9364495, $5.43, $5.64, $5.4
09/27/2019, $5.34, 5550212, $5.25, $5.45, $5.22
09/26/2019, $5.28, 6108539, $5.19, $5.34, $5.08
09/25/2019, $5.2, 12170030, $5.09, $5.55, $5.08
09/24/2019, $5.01, 13147150, $5.14, $5.5, $4.98
09/23/2019, $5.02, 12502860, $4.68, $5.2, $4.61
09/20/2019, $4.7, 11629920, $4.59, $4.8, $4.5
09/19/2019, $4.44, 7868144, $4.64, $4.67, $4.42
09/18/2019, $4.6, 9810294, $4.33, $4.69, $4.33
09/17/2019, $4.33, 6416083, $4.3, $4.34, $4.13
09/16/2019, $4.35, 6761749, $4.3, $4.4675, $4.27
09/13/2019, $4.41, 7662184, $4.62, $4.77, $4.37
09/12/2019, $4.58, 8908741, $4.6, $4.81, $4.4332
09/11/2019, $4.59, 34005010, $4.19, $4.95, $3.97
09/10/2019, $5.09, 16659190, $4.87, $5.1, $4.51
09/09/2019, $4.76, 14578770, $4.35, $4.92, $4.35
09/06/2019, $4.31, 6701524, $4.24, $4.36, $4.14
09/05/2019, $4.23, 6892086, $4.08, $4.24, $4.07
09/04/2019, $3.98, 4231328, $3.88, $4, $3.85
09/03/2019, $3.81, 9044430, $3.97, $4.07, $3.66
08/30/2019, $3.97, 10635940, $4.26, $4.36, $3.92
08/29/2019, $4.23, 13364410, $3.93, $4.29, $3.75
08/28/2019, $3.88, 6449953, $3.7, $3.97, $3.67
08/27/2019, $3.7, 5701244, $3.87, $3.93, $3.68
08/26/2019, $3.82, 10329420, $3.72, $4.04, $3.645
08/23/2019, $3.65, 8675636, $3.84, $3.9, $3.56
08/22/2019, $3.87, 29191470, $3.97, $4.25, $3.72
08/21/2019, $3.54, 6009223, $3.5, $3.62, $3.44
08/20/2019, $3.42, 4260103, $3.35, $3.46, $3.28
08/19/2019, $3.38, 2887605, $3.37, $3.47, $3.34
08/16/2019, $3.32, 3130713, $3.25, $3.36, $3.21
08/15/2019, $3.21, 5888392, $3.32, $3.41, $3.15
08/14/2019, $3.32, 6081927, $3.39, $3.42, $3.19
08/13/2019, $3.47, 4505170, $3.48, $3.76, $3.47
08/12/2019, $3.51, 2677645, $3.58, $3.62, $3.44
08/09/2019, $3.59, 3079375, $3.83, $3.86, $3.59
08/08/2019, $3.89, 2306726, $3.84, $3.91, $3.77
08/07/2019, $3.81, 5856078, $3.74, $3.845, $3.66
08/06/2019, $3.81, 5157443, $3.73, $3.82, $3.63
08/05/2019, $3.71, 5681751, $3.72, $3.75, $3.575
08/02/2019, $3.78, 3594668, $3.83, $3.89, $3.75
08/01/2019, $3.84, 5596508, $4.02, $4.06, $3.78
07/31/2019, $4.02, 5208919, $4.03, $4.18, $4
07/30/2019, $4.03, 5271396, $4.1, $4.13, $3.9
07/29/2019, $4.12, 4327121, $4.02, $4.16, $4.02
07/26/2019, $4.01, 3209020, $4, $4.08, $3.96
07/25/2019, $3.98, 5789991, $4.1, $4.32, $3.97
07/24/2019, $4.08, 6020613, $4.08, $4.195, $4.05
07/23/2019, $4.09, 7703497, $4.15, $4.2, $3.98
07/22/2019, $4.14, 5488704, $4.33, $4.4, $4.12
07/19/2019, $4.32, 10946500, $4.22, $4.415, $4.22
07/18/2019, $4.2, 8601213, $4.39, $4.4185, $4.12
07/17/2019, $4.38, 7643148, $4.63, $4.645, $4.33
07/16/2019, $4.63, 5970224, $4.76, $4.81, $4.63
07/15/2019, $4.75, 3068520, $4.87, $4.89, $4.75
07/12/2019, $4.91, 4392345, $4.86, $4.93, $4.805
07/11/2019, $4.84, 16778250, $4.98, $5.01, $4.73
07/10/2019, $5.18, 10853330, $5.35, $5.37, $5.17
07/09/2019, $5.31, 11721860, $5.48, $5.55, $5.28
07/08/2019, $5.45, 6592669, $5.5, $5.53, $5.42
07/05/2019, $5.52, 12894650, $5.3, $5.64, $5.27
07/03/2019, $5.31, 2562102, $5.41, $5.43, $5.27
07/02/2019, $5.38, 5643464, $5.35, $5.45, $5.32
07/01/2019, $5.36, 4325679, $5.53, $5.57, $5.34
06/28/2019, $5.47, 3896355, $5.53, $5.58, $5.44
06/27/2019, $5.54, 3755957, $5.46, $5.59, $5.425
06/26/2019, $5.47, 3551794, $5.47, $5.52, $5.38
06/25/2019, $5.45, 3085403, $5.34, $5.53, $5.32
06/24/2019, $5.37, 4823326, $5.41, $5.47, $5.28
06/21/2019, $5.42, 8954331, $5.52, $5.52, $5.31
06/20/2019, $5.53, 3933792, $5.66, $5.69, $5.52
06/19/2019, $5.63, 2973321, $5.75, $5.75, $5.61
06/18/2019, $5.73, 4070383, $5.71, $5.83, $5.67
06/17/2019, $5.7, 3686620, $5.63, $5.81, $5.6
06/14/2019, $5.63, 5304641, $5.7, $5.825, $5.61
06/13/2019, $5.7, 5840816, $5.55, $5.73, $5.485
06/12/2019, $5.5, 4914298, $5.68, $5.8, $5.5
06/11/2019, $5.72, 13423840, $5.53, $5.85, $5.49
06/10/2019, $5.44, 18926490, $5.37, $5.55, $5.29
06/07/2019, $5.02, 10591330, $5.13, $5.23, $4.985
06/06/2019, $5.13, 13558020, $4.98, $5.13, $4.84
06/05/2019, $5.04, 39354240, $5.49, $5.59, $4.71
06/04/2019, $7.82, 10430120, $7.58, $7.85, $7.52
06/03/2019, $7.47, 5229101, $7.58, $7.65, $7.42
05/31/2019, $7.58, 3983240, $7.47, $7.66, $7.32
05/30/2019, $7.6, 2695195, $7.57, $7.7, $7.53
05/29/2019, $7.57, 4127874, $7.73, $7.75, $7.39
05/28/2019, $7.74, 2732843, $7.85, $7.99, $7.74
05/24/2019, $7.82, 2542140, $7.71, $7.855, $7.71
05/23/2019, $7.7, 3919476, $7.84, $7.86, $7.67
05/22/2019, $7.9, 4516125, $8.07, $8.08, $7.76
05/21/2019, $8.13, 5697108, $8.07, $8.14, $7.89
05/20/2019, $8.06, 5043577, $8.46, $8.52, $7.98
05/17/2019, $8.61, 1967285, $8.54, $8.78, $8.54
05/16/2019, $8.67, 1750984, $8.74, $8.84, $8.64
05/15/2019, $8.69, 2253513, $8.44, $8.71, $8.44
05/14/2019, $8.53, 2612858, $8.32, $8.55, $8.24
05/13/2019, $8.26, 3043219, $8.33, $8.37, $8.17
05/10/2019, $8.48, 2301524, $8.52, $8.58, $8.36
05/09/2019, $8.52, 2339534, $8.6, $8.65, $8.4753
05/08/2019, $8.69, 2062390, $8.75, $8.845, $8.65
05/07/2019, $8.77, 2591581, $8.77, $8.92, $8.685
05/06/2019, $8.85, 2406428, $8.85, $8.92, $8.66
05/03/2019, $8.97, 2179604, $8.81, $8.99, $8.77
05/02/2019, $8.77, 3117109, $8.51, $8.83, $8.51
05/01/2019, $8.51, 3538954, $8.66, $8.79, $8.47
04/30/2019, $8.65, 3207640, $8.8, $8.85, $8.65
04/29/2019, $8.76, 2548093, $8.89, $8.9, $8.705
04/26/2019, $8.89, 2306785, $8.93, $9.03, $8.88
04/25/2019, $8.95, 2626993, $8.99, $9, $8.715
04/24/2019, $9.01, 4101723, $8.9, $9.06, $8.89
04/23/2019, $8.89, 4452329, $8.64, $8.965, $8.64
04/22/2019, $8.65, 6278559, $8.75, $8.8173, $8.53
04/18/2019, $8.77, 3810854, $8.86, $9.0275, $8.74
04/17/2019, $8.94, 3920882, $9.11, $9.12, $8.75
04/16/2019, $9.08, 4715769, $9, $9.15, $8.9473
04/15/2019, $8.94, 5527393, $9.27, $9.35, $8.81
04/12/2019, $9.32, 4777925, $9.79, $9.83, $9.29
04/11/2019, $9.76, 2545193, $9.98, $9.98, $9.74
04/10/2019, $9.97, 2807202, $9.88, $10.01, $9.875
04/09/2019, $9.82, 2978475, $9.85, $10, $9.81
04/08/2019, $9.94, 4549426, $9.79, $10.08, $9.73
04/05/2019, $9.86, 5743589, $9.96, $10.01, $9.79
04/04/2019, $10.03, 7915236, $9.74, $10.06, $9.655
04/03/2019, $9.63, 26589490, $8.86, $10.03, $8.82
04/02/2019, $10.1, 8486513, $10.37, $10.41, $10.09
04/01/2019, $10.37, 4384184, $10.29, $10.42, $10.04
03/29/2019, $10.16, 2918462, $10.21, $10.36, $10.15
03/28/2019, $10.19, 3113044, $10.36, $10.49, $10.07
03/27/2019, $10.29, 2577878, $10.37, $10.54, $10.25
03/26/2019, $10.35, 3535009, $10.11, $10.435, $10.09
03/25/2019, $10.14, 4483192, $10.46, $10.49, $10.07
03/22/2019, $10.45, 3215637, $10.65, $10.66, $10.44
03/21/2019, $10.55, 3199072, $10.47, $10.725, $10.35
03/20/2019, $10.5, 4098801, $10.96, $10.96, $10.4
03/19/2019, $10.96, 3088153, $11.07, $11.24, $10.9
03/18/2019, $11.07, 2451226, $11.09, $11.17, $10.98
03/15/2019, $11.06, 3537185, $10.99, $11.12, $10.9
03/14/2019, $10.95, 2836600, $11.31, $11.34, $10.9
03/13/2019, $11.58, 2188929, $11.54, $11.6385, $11.47
03/12/2019, $11.47, 2163293, $11.28, $11.55, $11.23
03/11/2019, $11.26, 2701191, $10.98, $11.28, $10.89
03/08/2019, $10.97, 6171375, $11.07, $11.22, $10.75
03/07/2019, $11.59, 1811388, $11.56, $11.66, $11.435
03/06/2019, $11.56, 3312887, $11.66, $11.865, $11.56
03/05/2019, $11.6, 5536880, $12.08, $12.1, $11.36
03/04/2019, $11.57, 2216403, $11.79, $11.85, $11.47
03/01/2019, $11.75, 1899199, $11.88, $12.01, $11.75
02/28/2019, $11.7, 2820142, $11.69, $11.86, $11.59
02/27/2019, $11.67, 3397322, $11.66, $11.93, $11.62
02/26/2019, $11.64, 2157408, $11.54, $11.71, $11.5
02/25/2019, $11.55, 3594483, $11.38, $11.8, $11.38
02/22/2019, $11.37, 3248227, $11.02, $11.38, $11.02
02/21/2019, $11.03, 2487451, $11.23, $11.29, $11.01
02/20/2019, $11.2, 2959573, $11.23, $11.3, $11.15
02/19/2019, $11.2, 3305096, $11.46, $11.47, $11.13
02/15/2019, $11.43, 2211163, $11.33, $11.44, $11.28
02/14/2019, $11.33, 2467972, $11.37, $11.42, $11.24
02/13/2019, $11.47, 2132756, $11.56, $11.745, $11.38
02/12/2019, $11.55, 2677401, $11.3, $11.59, $11.3
02/11/2019, $11.3, 1917555, $11.38, $11.39, $11.16
02/08/2019, $11.35, 1801248, $11.39, $11.49, $11.31
02/07/2019, $11.47, 2006639, $11.4, $11.59, $11.225
02/06/2019, $11.51, 3479494, $11.62, $11.7, $11.4
02/05/2019, $11.79, 4269454, $11.36, $11.81, $11.35
02/04/2019, $11.37, 4270641, $11.24, $11.48, $11
02/01/2019, $11.24, 3476585, $11.31, $11.43, $11.18
01/31/2019, $11.34, 6049457, $11.17, $11.53, $11.1
01/30/2019, $11.2, 6145523, $11.25, $11.37, $11.11
01/29/2019, $11.28, 32849320, $12.39, $12.5, $11.1101
01/28/2019, $15.5, 2983869, $15.74, $15.79, $14.99
01/25/2019, $15.9, 1915146, $15.96, $16.06, $15.73
01/24/2019, $15.8, 1281015, $15.48, $15.8, $15.4392
01/23/2019, $15.48, 1836950, $15.31, $15.57, $15.1299
01/22/2019, $15.27, 3188729, $15.81, $15.9, $15.16
01/18/2019, $15.93, 8543333, $16.02, $16.903, $15.88
01/17/2019, $15.77, 1743004, $15.49, $15.825, $15.2992
01/16/2019, $15.68, 1992649, $15.57, $15.89, $15.38
01/15/2019, $15.53, 2211051, $15.6, $15.64, $15.19
01/14/2019, $15.64, 3610744, $15.84, $16.14, $15.57
01/11/2019, $15.85, 2419042, $15.86, $16.05, $15.765
01/10/2019, $15.96, 2904810, $15.74, $16, $15.52
01/09/2019, $15.98, 3554521, $15.84, $16.39, $15.72
01/08/2019, $15.81, 3443767, $15.5, $15.885, $15.15
01/07/2019, $15.48, 4704093, $15.11, $15.81, $14.94
01/04/2019, $15.24, 11913500, $14.03, $15.29, $13.7
01/03/2019, $12.97, 1738172, $12.98, $13.255, $12.69
01/02/2019, $13.07, 2124193, $12.45, $13.18, $12.42
12/31/2018, $12.62, 2790291, $12.33, $12.67, $12.305
12/28/2018, $12.28, 2026316, $12.21, $12.49, $12.01
12/27/2018, $12.18, 1834107, $12.24, $12.25, $11.63
12/26/2018, $12.4, 2385236, $11.72, $12.4, $11.56
12/24/2018, $11.67, 1328526, $11.97, $12.02, $11.64
12/21/2018, $11.96, 4422936, $12.39, $12.68, $11.765
12/20/2018, $12.43, 2671180, $12.6, $12.9373, $12.21
12/19/2018, $12.58, 2425928, $12.76, $12.975, $12.523
12/18/2018, $12.73, 2576206, $12.65, $13.025, $12.61
12/17/2018, $12.65, 2255689, $12.66, $13.1028, $12.55
12/14/2018, $12.76, 1663119, $12.69, $13, $12.69
12/13/2018, $12.79, 2436562, $13.24, $13.36, $12.67
12/12/2018, $13.23, 1814446, $13.06, $13.53, $12.98
12/11/2018, $12.95, 2338149, $13.35, $13.4, $12.8504
12/10/2018, $13.23, 2793747, $13.38, $13.44, $12.83
12/07/2018, $13.68, 3402585, $13.55, $14.04, $13.5
12/06/2018, $13.56, 3197174, $13.5, $13.77, $13.24
12/04/2018, $13.5, 3733906, $13.99, $14.11, $13.44
12/03/2018, $13.87, 4021203, $13.82, $13.98, $13.53
11/30/2018, $13.66, 11900720, $12.99, $13.96, $12.8
11/29/2018, $14.63, 4155032, $15.05, $15.22, $14.54
11/28/2018, $15.01, 2643271, $14.72, $15.065, $14.72
11/27/2018, $14.72, 4384466, $14.39, $14.97, $14.2
11/26/2018, $14.58, 5903422, $13.99, $14.78, $13.9875
11/23/2018, $13.5, 2691774, $13.7, $13.76, $13.16
11/21/2018, $13.71, 12480830, $12.47, $14.5, $12.305
11/20/2018, $12.28, 6033416, $12.6, $12.905, $12.14
11/19/2018, $13.03, 3402625, $12.84, $13.16, $12.77
11/16/2018, $12.79, 5675497, $12.99, $12.99, $12.45
11/15/2018, $13.13, 3029873, $12.96, $13.25, $12.77
11/14/2018, $12.96, 3434686, $14.09, $14.11, $12.88
11/13/2018, $13.88, 2308244, $13.9, $14.175, $13.78
11/12/2018, $13.88, 2399435, $14.66, $14.78, $13.86
11/09/2018, $14.64, 1671536, $14.72, $14.8, $14.315
11/08/2018, $14.86, 2137831, $14.9, $15.02, $14.78
11/07/2018, $14.9, 2044349, $15, $15.05, $14.65
11/06/2018, $14.95, 1895340, $14.95, $15.05, $14.83
11/05/2018, $14.99, 1803615, $15.55, $15.56, $14.89
11/02/2018, $15.61, 1665583, $15.42, $15.755, $15.19
11/01/2018, $15.35, 2750365, $14.61, $15.35, $14.6
10/31/2018, $14.6, 1737718, $14.81, $14.82, $14.2627
10/30/2018, $14.67, 2094070, $14.57, $15.1106, $14.4
10/29/2018, $14.53, 3168877, $13.84, $14.955, $13.77
10/26/2018, $13.71, 2511128, $14.43, $14.43, $13.64
10/25/2018, $14.44, 2274032, $15.12, $15.2, $14.28
10/24/2018, $15.07, 2240712, $15.3, $15.6, $15.07
10/23/2018, $15.27, 2395067, $14.99, $15.31, $14.7899
10/22/2018, $15.12, 2305475, $14.82, $15.22, $14.69
10/19/2018, $14.73, 3106020, $14.87, $15, $14.47
10/18/2018, $15.06, 1478597, $15.3, $15.42, $14.9
10/17/2018, $15.32, 1997869, $15.29, $15.48, $14.78
10/16/2018, $15.29, 2040208, $14.97, $15.3, $14.7752
10/15/2018, $14.88, 1500089, $14.81, $15.0699, $14.78
10/12/2018, $14.8, 1927583, $14.9, $15.15, $14.7
10/11/2018, $14.66, 2095969, $14.79, $15.1, $14.65
10/10/2018, $14.83, 1962639, $14.81, $15.17, $14.81
10/09/2018, $14.76, 2405705, $14.93, $15.4499, $14.7
10/08/2018, $14.98, 2260072, $14.71, $15.19, $14.66
10/05/2018, $14.68, 2323620, $14.83, $14.93, $14.58
10/04/2018, $14.82, 1519570, $14.97, $15.12, $14.715
10/03/2018, $14.92, 2013643, $15, $15.17, $14.75
10/02/2018, $14.87, 2876647, $15.17, $15.31, $14.84
10/01/2018, $15.28, 4059751, $15.28, $15.54, $14.98
09/28/2018, $15.27, 2524806, $15.54, $15.8485, $15.19
09/27/2018, $15.55, 2024188, $15.68, $15.75, $15.425
09/26/2018, $15.59, 1901202, $16.14, $16.14, $15.535
09/25/2018, $16.02, 2062536, $15.64, $16.09, $15.3
09/24/2018, $15.52, 3577650, $16.42, $16.42, $15.49
09/21/2018, $16.52, 3017353, $16.45, $16.75, $16.435
09/20/2018, $16.49, 1604042, $16.6, $16.81, $16.45
09/19/2018, $16.6, 1798236, $16.5, $16.8, $16.45
09/18/2018, $16.5, 1786830, $16.42, $16.68, $16.345
09/17/2018, $16.61, 2231290, $16.71, $16.86, $16.5
09/14/2018, $16.79, 3005422, $16.97, $17, $16.465
09/13/2018, $17.04, 3689178, $16.71, $17.04, $16.61
09/12/2018, $16.66, 3395204, $16.17, $16.76, $16.17
09/11/2018, $16.16, 2790633, $16, $16.6001, $16
09/10/2018, $16, 2727682, $16.16, $16.35, $15.87
09/07/2018, $16.13, 6795570, $15.25, $16.38, $14.76
09/06/2018, $16.14, 6762319, $16.15, $16.25, $15.08
09/05/2018, $16.26, 17467630, $13.97, $16.53, $13.96
09/04/2018, $14.05, 5934677, $13.17, $14.1, $13.08
08/31/2018, $13.27, 3723967, $13.61, $13.63, $13.18
08/30/2018, $13.58, 3933439, $13.99, $13.99, $13.52
08/29/2018, $14.12, 4099572, $14.14, $14.3, $13.75
08/28/2018, $14.03, 6816961, $14.71, $14.75, $14
08/27/2018, $14.71, 14650980, $16.47, $16.5, $14.55
08/24/2018, $16.55, 4525150, $16.76, $16.8398, $16.2
08/23/2018, $16.76, 3583502, $16.98, $17.21, $16.62
08/22/2018, $16.98, 6602987, $16.54, $17.27, $16.51
08/21/2018, $16.49, 5170701, $16, $16.57, $15.825
08/20/2018, $15.85, 3606862, $15.4, $15.98, $15.35
08/17/2018, $15.33, 1633257, $15.17, $15.35, $14.99
08/16/2018, $15.22, 1719737, $15.54, $15.56, $15.215
08/15/2018, $15.42, 2097609, $15.46, $15.495, $15.19
08/14/2018, $15.5, 1953412, $15.27, $15.57, $15.195
08/13/2018, $15.21, 2100947, $15.35, $15.38, $15.11
08/10/2018, $15.32, 2416404, $15.18, $15.6, $15.1
08/09/2018, $15.21, 2320246, $15.25, $15.46, $14.98
08/08/2018, $15.25, 2178867, $15.12, $15.315, $15.01
08/07/2018, $15.12, 1953429, $14.92, $15.215, $14.82
08/06/2018, $14.86, 2075045, $14.88, $14.98, $14.74
08/03/2018, $14.85, 2557213, $14.69, $14.9, $14.6
08/02/2018, $14.62, 2297689, $14.61, $14.775, $14.41
08/01/2018, $14.73, 2079695, $14.42, $14.88, $14.4
07/31/2018, $14.41, 2757485, $14.72, $14.73, $14.41
07/30/2018, $14.7, 1577844, $14.88, $14.98, $14.59
07/27/2018, $14.83, 1414505, $14.91, $14.97, $14.55
07/26/2018, $14.81, 1689190, $14.51, $15.04, $14.5
07/25/2018, $14.51, 3344999, $14.69, $14.704, $14.25
07/24/2018, $14.78, 1542614, $14.98, $14.98, $14.66
07/23/2018, $14.89, 1833818, $15.05, $15.09, $14.78
07/20/2018, $15.08, 2147851, $14.91, $15.21, $14.88
07/19/2018, $14.92, 1728287, $14.58, $15.03, $14.5
07/18/2018, $14.58, 2049667, $14.6, $14.65, $14.315
07/17/2018, $14.58, 3045089, $15.17, $15.42, $14.54
07/16/2018, $15.22, 1806513, $15.27, $15.38, $15.055
07/13/2018, $15.28, 2332206, $14.99, $15.46, $14.99
07/12/2018, $15.09, 1925917, $14.75, $15.12, $14.74
07/11/2018, $14.7, 2287687, $14.77, $14.83, $14.46
07/10/2018, $14.86, 2914910, $15.53, $15.54, $14.81
07/09/2018, $15.47, 3919381, $15.57, $15.625, $15.165
07/06/2018, $15.15, 4051106, $14.67, $15.23, $14.64
07/05/2018, $14.63, 4719312, $14.08, $14.7, $14.04
07/03/2018, $14.05, 1289301, $14.17, $14.31, $14
07/02/2018, $14.16, 3711841, $14.59, $14.7, $14.03
06/29/2018, $14.57, 3397450, $14.99, $15.07, $14.51
06/28/2018, $14.88, 1905202, $14.59, $14.89, $14.49
06/27/2018, $14.6, 2255719, $15, $15.17, $14.58
06/26/2018, $14.97, 2697514, $15.19, $15.2, $14.69
06/25/2018, $15.11, 2676338, $15.41, $15.72, $14.94
06/22/2018, $15.52, 11884150, $15.55, $15.685, $15.11
06/21/2018, $15.53, 3542542, $15.81, $15.98, $15.49
06/20/2018, $15.71, 5163995, $15.78, $15.81, $15.32
06/19/2018, $15.75, 10140330, $15.35, $15.76, $15.1
06/18/2018, $15.2, 23773520, $13.95, $15.78, $13.37
06/15/2018, $13.96, 13142700, $12.76, $14.36, $12.76
06/14/2018, $12.85, 7531654, $13.3, $13.32, $12.7
06/13/2018, $13.33, 8822626, $13.97, $13.97, $13.05
06/12/2018, $14.05, 3380953, $14.32, $14.37, $14.05
06/11/2018, $14.29, 4715555, $14.15, $14.33, $14.06
06/08/2018, $14.53, 5030509, $14.53, $14.62, $14.405
06/07/2018, $14.49, 3213591, $14.5, $14.65, $14.3674
06/06/2018, $14.42, 5142561, $14.68, $14.69, $14.25
06/05/2018, $14.6, 5690065, $14.24, $14.65, $14
06/04/2018, $14.24, 7293523, $13.79, $14.25, $13.44
06/01/2018, $13.72, 25823790, $12.8, $13.72, $12.79
05/31/2018, $13.2, 6449597, $13.48, $13.59, $12.97
05/30/2018, $13.42, 4974828, $13.1, $13.6, $12.89
05/29/2018, $13.05, 4238572, $12.58, $13.11, $12.55
05/25/2018, $12.67, 2438876, $12.76, $12.8, $12.58
05/24/2018, $12.74, 3077023, $12.58, $12.78, $12.45
05/23/2018, $12.72, 3160066, $12.54, $12.75, $12.44
05/22/2018, $12.67, 4540163, $12.78, $12.91, $12.54
05/21/2018, $12.78, 5065713, $12.52, $12.885, $12.49
05/18/2018, $12.46, 10236620, $13.53, $13.53, $12.255
05/17/2018, $13.62, 2912065, $13.5, $13.77, $13.48
05/16/2018, $13.55, 6734878, $13.75, $13.88, $13.33
05/15/2018, $13.51, 3789659, $13.25, $13.61, $13.23
05/14/2018, $13.26, 5907362, $12.69, $13.48, $12.61
05/11/2018, $12.71, 5507157, $12.6, $12.84, $12.465
05/10/2018, $13.03, 3118480, $12.96, $13.2, $12.88
05/09/2018, $12.93, 3752195, $12.82, $12.96, $12.61
05/08/2018, $12.79, 3839037, $12.84, $12.94, $12.55
05/07/2018, $12.89, 3118520, $13.02, $13.029, $12.775
05/04/2018, $13, 4903439, $12.83, $13.08, $12.74
05/03/2018, $12.83, 5091241, $13.42, $13.49, $12.8
05/02/2018, $13.45, 3180332, $13.86, $13.87, $13.35
05/01/2018, $13.85, 2409687, $13.58, $13.89, $13.47
04/30/2018, $13.65, 3150719, $13.97, $14, $13.56
04/27/2018, $13.86, 2500741, $13.68, $13.91, $13.6
04/26/2018, $13.67, 3211823, $13.6, $13.88, $13.45
04/25/2018, $13.46, 3643042, $13.35, $13.63, $13.29
04/24/2018, $13.41, 3613789, $13.29, $13.64, $13.115
04/23/2018, $13.2, 3693043, $12.9, $13.35, $12.9
04/20/2018, $12.88, 6200714, $13.47, $13.54, $12.81
04/19/2018, $13.52, 2507526, $13.66, $13.78, $13.45
04/18/2018, $13.66, 3573574, $13.99, $14.03, $13.6
04/17/2018, $13.94, 4289185, $13.89, $14.18, $13.84
04/16/2018, $13.81, 3227720, $13.73, $13.9, $13.6
04/13/2018, $13.61, 3188691, $13.73, $13.94, $13.55
04/12/2018, $13.63, 3114177, $13.86, $13.87, $13.47
04/11/2018, $13.84, 4283962, $13.62, $13.98, $13.6
04/10/2018, $13.68, 5793317, $13.68, $13.855, $13.51
04/09/2018, $13.48, 5703764, $13.51, $13.76, $13.43
04/06/2018, $13.43, 4238278, $13.42, $13.66, $13.24
04/05/2018, $13.56, 5140484, $13.35, $13.63, $13.27
04/04/2018, $13.34, 6383118, $12.82, $13.48, $12.71
04/03/2018, $13.01, 5747528, $12.64, $13.125, $12.6
04/02/2018, $12.82, 11129550, $12.51, $13.28, $12.5
03/29/2018, $12.62, 25457370, $12.65, $13, $12.2
03/28/2018, $14.15, 7508601, $14, $14.31, $13.81
03/27/2018, $13.88, 4477895, $14.07, $14.21, $13.7739
03/26/2018, $14.04, 5014586, $13.7, $14.09, $13.585
03/23/2018, $13.5, 3811574, $13.92, $13.94, $13.49
03/22/2018, $13.83, 4441792, $13.94, $14.09, $13.59
03/21/2018, $14.02, 4411045, $14.31, $14.45, $14.01
03/20/2018, $14.47, 4281939, $14.82, $14.95, $14.35
03/19/2018, $14.81, 3975890, $15.24, $15.41, $14.76
03/16/2018, $15.42, 5082996, $15.34, $15.66, $15.315
03/15/2018, $15.31, 1866968, $15.5, $15.62, $15.26
03/14/2018, $15.46, 2517699, $15.72, $15.82, $15.43
03/13/2018, $15.61, 2891248, $15.63, $16.005, $15.58
03/12/2018, $15.55, 3878082, $15.85, $16.01, $15.5
03/09/2018, $15.85, 3969883, $15.69, $15.89, $15.51
03/08/2018, $15.64, 2974604, $15.95, $16.0497, $15.48
03/07/2018, $15.94, 2989407, $15.85, $16.17, $15.84
03/06/2018, $16.06, 2660874, $16.05, $16.17, $15.8
03/05/2018, $16.05, 4236094, $15.87, $16.11, $15.68
03/02/2018, $15.93, 3553903, $15.56, $15.99, $15.38
03/01/2018, $15.97, 3131462, $15.79, $16.23, $15.76
02/28/2018, $15.69, 4737004, $15.65, $15.95, $15.58
02/27/2018, $15.57, 4473375, $16.1, $16.59, $15.57
02/26/2018, $16.08, 2771245, $16, $16.0999, $15.84
02/23/2018, $15.97, 2580281, $15.79, $15.99, $15.67
02/22/2018, $15.62, 2452243, $15.81, $15.9283, $15.57
02/21/2018, $15.69, 3031201, $15.9, $16.21, $15.66
02/20/2018, $15.86, 2489767, $16.3, $16.32, $15.775
02/16/2018, $16.4, 2706084, $16.52, $16.97, $16.25
02/15/2018, $16.41, 2262865, $16.3, $16.5, $16.235
02/14/2018, $16.22, 3215889, $15.58, $16.4, $15.53
02/13/2018, $15.58, 2463431, $15.76, $15.86, $15.49
02/12/2018, $15.8, 2431834, $16.29, $16.33, $15.62
02/09/2018, $16.17, 5640876, $15.98, $16.33, $15.67
02/08/2018, $15.83, 4286732, $16.45, $16.55, $15.76
02/07/2018, $16.47, 4413087, $16.16, $16.67, $16.15
02/06/2018, $16.14, 4962204, $15.36, $16.38, $15.101
02/05/2018, $15.65, 4109718, $16.14, $16.22, $15.64
02/02/2018, $16.23, 3252526, $16.56, $16.66, $16.22
02/01/2018, $16.66, 2937099, $16.7, $17.005, $16.57
01/31/2018, $16.81, 2747971, $17.14, $17.27, $16.695
01/30/2018, $17.07, 1885064, $17.08, $17.22, $16.86
01/29/2018, $17.15, 3153640, $17.05, $17.2, $16.801
01/26/2018, $17.06, 3348554, $16.86, $17.09, $16.61
01/25/2018, $16.84, 2701354, $16.98, $17.0366, $16.61
01/24/2018, $16.98, 4072967, $17.4, $17.45, $16.73
01/23/2018, $17.4, 3626662, $17.52, $17.569, $17.17
01/22/2018, $17.55, 5234752, $18.22, $18.27, $17.47
01/19/2018, $18.13, 3193925, $17.89, $18.18, $17.75
01/18/2018, $17.86, 4265083, $17.47, $17.93, $17.21
01/17/2018, $17.5, 4256664, $17.24, $17.71, $17.17
01/16/2018, $17.16, 7849910, $18, $18.28, $17.04
01/12/2018, $17.76, 15440270, $18.5, $18.54, $17.63
01/11/2018, $19.96, 4213078, $19.92, $20.31, $19.77
01/10/2018, $19.68, 4012799, $19.39, $19.92, $19.33
01/09/2018, $19.55, 3662616, $19.31, $19.75, $19.31
01/08/2018, $19.23, 3668401, $18.8, $19.4, $18.8
01/05/2018, $18.68, 3018989, $18.38, $18.73, $18.22
01/04/2018, $18.32, 2781341, $18.2, $18.38, $17.96
01/03/2018, $18.2, 3789189, $18.29, $18.37, $17.92
01/02/2018, $18.26, 2832725, $17.96, $18.29, $17.78
12/29/2017, $17.95, 2063554, $18.23, $18.33, $17.94
12/28/2017, $18.17, 1939399, $18.27, $18.28, $18.02
12/27/2017, $18.25, 1837971, $18.51, $18.57, $18.2
12/26/2017, $18.51, 3234232, $18.29, $19.18, $18.27
12/22/2017, $18.29, 2085636, $18.45, $18.53, $18.25
12/21/2017, $18.45, 2861763, $18.29, $18.47, $18.01
12/20/2017, $18.25, 2304495, $18.53, $18.63, $18.21
12/19/2017, $18.39, 2254297, $18.7, $18.8, $18.37
12/18/2017, $18.66, 3206438, $18.45, $18.75, $18.4
12/15/2017, $18.34, 3875195, $18.44, $18.58, $18.17
12/14/2017, $18.38, 2818700, $18.81, $18.93, $18.34
12/13/2017, $18.67, 3086471, $19.1, $19.16, $18.605
12/12/2017, $19.11, 2533622, $19.15, $19.295, $18.96
12/11/2017, $19.07, 3652774, $19.28, $19.3573, $18.67
12/08/2017, $19.2, 3141318, $18.67, $19.375, $18.67
12/07/2017, $18.63, 3277349, $18.99, $19.15, $18.605
12/06/2017, $19.01, 2429236, $19.27, $19.35, $18.925
12/05/2017, $19.27, 3080913, $19.53, $19.65, $18.95
12/04/2017, $19.4, 4361274, $19.04, $19.86, $18.99
12/01/2017, $18.77, 3831103, $18.73, $19.16, $18.48
11/30/2017, $18.75, 5021196, $19.22, $19.3374, $18.7
11/29/2017, $19.52, 6476831, $19.09, $19.69, $19.06
11/28/2017, $19.02, 5880981, $18.17, $19.06, $18.17
11/27/2017, $18.17, 5844477, $17.59, $18.19, $17.59
11/24/2017, $17.42, 6474343, $17.43, $18.18, $17.35
11/22/2017, $17.37, 20130080, $17.85, $18.7, $17.3
11/21/2017, $16.73, 8919113, $16.5, $16.785, $16.26
11/20/2017, $16.44, 3793835, $16.4, $16.46, $16.03
11/17/2017, $16.31, 3192753, $16.31, $16.58, $16.15
11/16/2017, $16.18, 4855084, $16.01, $16.79, $16.01
11/15/2017, $16, 3821473, $16.08, $16.495, $15.85
11/14/2017, $16.19, 3517178, $16.1, $16.38, $15.85
11/13/2017, $16.2, 4374632, $16.43, $16.84, $15.91
11/10/2017, $16.43, 5786834, $17.42, $17.42, $16.22
11/09/2017, $17.56, 2862869, $17.14, $17.985, $17.11
11/08/2017, $17.2, 2230062, $17.17, $17.29, $16.98
11/07/2017, $17.11, 2843272, $17.88, $17.99, $17.07
11/06/2017, $17.83, 3048994, $18.07, $18.21, $17.71
11/03/2017, $18.1, 2019337, $18.5, $18.55, $18.1
11/02/2017, $18.51, 2904434, $18.6, $18.6, $18.22
11/01/2017, $18.6, 2488724, $18.67, $18.95, $18.53
10/31/2017, $18.69, 2193762, $18.89, $19.0399, $18.59
10/30/2017, $18.77, 2251662, $19.43, $19.47, $18.6
10/27/2017, $19.34, 2230198, $19.4, $19.45, $18.92
10/26/2017, $19.51, 2142195, $19.55, $19.74, $19.27
10/25/2017, $19.61, 2578392, $19.96, $20, $19.34
10/24/2017, $19.96, 1700995, $20.42, $20.48, $19.94
10/23/2017, $20.28, 1703567, $20.14, $20.55, $20.14
10/20/2017, $20.13, 1686249, $20.13, $20.32, $20.04
10/19/2017, $20.05, 1271642, $20.01, $20.15, $19.93
10/18/2017, $20.05, 1912207, $19.72, $20.09, $19.62
10/17/2017, $19.66, 1251096, $19.46, $19.7, $19.35
10/16/2017, $19.41, 1514720, $19.69, $19.7, $19.2
10/13/2017, $19.71, 1092949, $19.64, $19.775, $19.51
10/12/2017, $19.5, 1775775, $19.59, $19.69, $19.32
10/11/2017, $19.59, 2308854, $20.22, $20.22, $19.46
10/10/2017, $20.23, 1763174, $20.19, $20.285, $19.95
10/09/2017, $20.15, 1799935, $20.07, $20.245, $19.99
10/06/2017, $20.02, 1650120, $20.41, $20.49, $20.02
10/05/2017, $20.52, 1146079, $20.3, $20.53, $20.22
10/04/2017, $20.25, 1183801, $20.09, $20.29, $20.03
10/03/2017, $20.21, 1389488, $20.5, $20.51, $20.09
10/02/2017, $20.47, 1559592, $20.65, $20.68, $20.35
09/29/2017, $20.66, 1565742, $20.8, $20.85, $20.52
09/28/2017, $20.79, 1720933, $20.81, $20.93, $20.61
09/27/2017, $20.85, 2048377, $20.78, $20.97, $20.5
09/26/2017, $20.65, 2130246, $20.55, $20.77, $20.34
09/25/2017, $20.44, 1158772, $20.03, $20.47, $20.01
09/22/2017, $20.01, 1001075, $19.87, $20.0356, $19.86
09/21/2017, $19.89, 1415746, $20, $20.19, $19.87
09/20/2017, $20.1, 1215048, $20.13, $20.185, $20.005
09/19/2017, $20.19, 1360576, $20.17, $20.26, $19.92
09/18/2017, $20.17, 2095865, $20.39, $20.63, $20.1
09/15/2017, $20.29, 2505362, $20.07, $20.44, $20
09/14/2017, $20.08, 1921229, $20.06, $20.3, $19.89
09/13/2017, $20.02, 1755857, $19.6, $20.04, $19.55
09/12/2017, $19.53, 3347276, $19.26, $19.94, $19.21
09/11/2017, $19.2, 2204542, $19.21, $19.45, $19.13
09/08/2017, $19.15, 2219187, $18.85, $19.19, $18.74
09/07/2017, $18.85, 2795012, $19.02, $19.34, $18.81
09/06/2017, $19.34, 2919867, $19, $19.35, $18.99
09/05/2017, $18.94, 2653128, $18.69, $18.96, $18.555
09/01/2017, $18.67, 2344344, $18.6, $18.88, $18.6
08/31/2017, $18.5, 2628857, $18.83, $18.87, $18.47
08/30/2017, $18.79, 2209474, $18.75, $18.97, $18.68
08/29/2017, $18.75, 4664839, $18.93, $19.07, $18.64
08/28/2017, $19.15, 5216276, $19.41, $19.7, $18.96
08/25/2017, $19.4, 20490310, $19.9, $19.94, $18.72
08/24/2017, $21.78, 4181185, $21.75, $22.12, $21.65
08/23/2017, $21.48, 2431619, $21.59, $21.82, $21.21
08/22/2017, $21.64, 2473384, $21.12, $21.69, $21.09
08/21/2017, $20.98, 1633567, $21.16, $21.36, $20.97
08/18/2017, $21.22, 2123458, $21.05, $21.33, $20.97
08/17/2017, $21.1, 1939606, $21.37, $21.66, $21
08/16/2017, $21.39, 2439401, $21.12, $21.49, $21.08
08/15/2017, $20.93, 3888076, $21.7, $21.77, $20.78
08/14/2017, $21.85, 1532910, $21.95, $21.99, $21.715
08/11/2017, $21.76, 1619257, $21.24, $21.83, $21.07
08/10/2017, $21.47, 1521280, $21.91, $21.91, $21.46
08/09/2017, $22.08, 1503356, $21.75, $22.12, $21.62
08/08/2017, $21.94, 1423178, $22.2, $22.37, $21.9
08/07/2017, $22.17, 1277593, $21.94, $22.255, $21.825
08/04/2017, $21.93, 1136854, $21.78, $22.11, $21.6874
08/03/2017, $21.66, 1048342, $21.32, $21.82, $21.32
08/02/2017, $21.38, 1115664, $21.32, $21.62, $21.2718
08/01/2017, $21.36, 3059532, $21.69, $21.69, $21.14
07/31/2017, $21.69, 1371586, $21.55, $21.76, $21.41
07/28/2017, $21.5, 1232896, $21.64, $21.729, $21.4
07/27/2017, $21.7, 3475091, $21.09, $21.755, $21.03
07/26/2017, $21.04, 1770346, $21.28, $21.3271, $20.95
07/25/2017, $21.26, 2105075, $20.99, $21.37, $20.94
07/24/2017, $20.8, 1584317, $20.7, $20.995, $20.65
07/21/2017, $20.78, 3575892, $21.14, $21.18, $20.72
07/20/2017, $21.1, 1848185, $21.3, $21.34, $21.1
07/19/2017, $21.35, 972854, $21.15, $21.47, $21.06
07/18/2017, $21.09, 1103197, $21.38, $21.39, $20.98
07/17/2017, $21.28, 1729257, $21.03, $21.58, $20.98
07/14/2017, $21.02, 1229865, $21.25, $21.3225, $20.97
07/13/2017, $21.16, 1749437, $21.24, $21.43, $21.04
07/12/2017, $20.99, 1087515, $21.15, $21.26, $20.98
07/11/2017, $20.96, 1167654, $20.96, $21.065, $20.81
07/10/2017, $20.89, 1646034, $20.89, $21.02, $20.79
07/07/2017, $20.91, 1855929, $21.15, $21.28, $20.86
07/06/2017, $21.12, 1508522, $21.37, $21.54, $21.07
07/05/2017, $21.51, 2684170, $21.56, $21.71, $21.38
07/03/2017, $21.6, 1409388, $21.77, $22, $21.56
06/30/2017, $21.61, 1151129, $21.75, $21.8, $21.385
06/29/2017, $21.61, 1733116, $21.56, $21.78, $21.28
06/28/2017, $21.51, 3161437, $21.5, $21.76, $21.43
06/27/2017, $21.38, 1747609, $21.07, $21.495, $21.04
06/26/2017, $21.13, 2307172, $20.67, $21.17, $20.66
06/23/2017, $20.65, 1747801, $20.47, $20.66, $20.261
06/22/2017, $20.54, 4211442, $20.49, $20.785, $20.44
06/21/2017, $20.46, 2194204, $20.66, $20.95, $20.29
06/20/2017, $20.64, 1796184, $20.72, $20.7765, $20.47
06/19/2017, $20.8, 2133708, $20.65, $20.97, $20.35
06/16/2017, $20.59, 3682959, $21.12, $21.17, $20.5
06/15/2017, $21.22, 2277510, $21.52, $21.65, $21.14
06/14/2017, $21.63, 2478874, $21.96, $21.96, $21.25
06/13/2017, $21.98, 1918268, $21.78, $22.17, $21.57
06/12/2017, $21.71, 3282130, $21.94, $22.15, $21.59
06/09/2017, $22.01, 2955689, $21.33, $22.085, $21.3
06/08/2017, $21.37, 3616649, $22.15, $22.43, $21.33
06/07/2017, $22.04, 2154974, $21.96, $22.21, $21.83
06/06/2017, $21.9, 3105085, $22.25, $22.36, $21.89
06/05/2017, $22.48, 1955948, $22.25, $22.57, $21.96
06/02/2017, $22.67, 2347048, $22.73, $22.78, $22.35
06/01/2017, $22.78, 3691006, $22.15, $22.96, $22.11
05/31/2017, $22.14, 5406404, $22.64, $22.695, $21.89
05/30/2017, $22.57, 5679659, $22.18, $22.93, $22.1701
05/26/2017, $22.22, 14210510, $22.12, $22.41, $21.25
05/25/2017, $23.62, 7635216, $23.6, $23.67, $22.73
05/24/2017, $22.71, 2448856, $22.61, $22.87, $22.43
05/23/2017, $22.66, 5634704, $24.37, $24.37, $22.63
05/22/2017, $24.05, 2455874, $24.35, $24.5995, $24.04
05/19/2017, $24.22, 2669826, $23.8, $24.305, $23.58
05/18/2017, $23.78, 1747190, $23.94, $24.05, $23.52
05/17/2017, $23.84, 2207712, $24.15, $24.38, $23.75
05/16/2017, $24.47, 2034714, $24.33, $24.51, $23.9
05/15/2017, $24.36, 2128285, $24.14, $24.68, $24.1
05/12/2017, $24.03, 1820261, $24.28, $24.35, $23.78
05/11/2017, $24.35, 3047698, $25.11, $25.31, $24.24
05/10/2017, $24.95, 2409270, $24.54, $25.13, $24.44
05/09/2017, $24.49, 1950452, $24.33, $24.74, $24.09
05/08/2017, $24.38, 2215697, $24, $24.47, $23.84
05/05/2017, $24, 1171063, $23.7, $24.01, $23.58
05/04/2017, $23.57, 1463951, $23.98, $24.14, $23.53
05/03/2017, $23.97, 3127825, $23.46, $24, $23.38
05/02/2017, $23.44, 1788153, $22.83, $23.55, $22.74
05/01/2017, $22.78, 2744796, $22.77, $23.24, $22.56
04/28/2017, $22.69, 3104322, $23.09, $23.09, $22.47
04/27/2017, $23.1, 2970348, $23.67, $23.71, $23.04
04/26/2017, $23.65, 2211649, $23.42, $23.975, $23.31
04/25/2017, $23.4, 1441960, $23.32, $23.49, $23.1
04/24/2017, $23.22, 2716407, $23.4, $23.49, $22.96
04/21/2017, $23.19, 1766848, $23.24, $23.27, $22.94
04/20/2017, $23.19, 1906598, $22.95, $23.425, $22.9499
04/19/2017, $22.78, 1680466, $22.92, $23.13, $22.76
04/18/2017, $22.84, 1985975, $22.84, $22.98, $22.61
04/17/2017, $22.89, 3554448, $22.45, $22.95, $22.4
04/13/2017, $22.38, 3663606, $22.06, $22.44, $21.98
04/12/2017, $22.07, 1883109, $22.18, $22.18, $21.87
04/11/2017, $22.11, 2718358, $21.8, $22.15, $21.68
04/10/2017, $21.88, 2345262, $21.6, $22.12, $21.56
04/07/2017, $21.66, 3754532, $21.82, $22.0209, $21.58
04/06/2017, $21.84, 3296182, $21.96, $22.17, $21.74
04/05/2017, $21.76, 2167300, $22.19, $22.29, $21.74
04/04/2017, $21.98, 2236864, $21.94, $22.21, $21.74
04/03/2017, $22, 2708099, $22.52, $22.62, $21.915
03/31/2017, $22.55, 2933679, $22.46, $22.74, $22.37
03/30/2017, $22.46, 2222332, $21.9, $22.49, $21.86
03/29/2017, $21.95, 3258302, $21.78, $22.14, $21.57
03/28/2017, $21.72, 4278585, $20.88, $21.78, $20.73
03/27/2017, $20.85, 6961393, $20.33, $21.09, $20.24
03/24/2017, $20.7, 15925970, $21.37, $21.56, $20.66
03/23/2017, $23.96, 4557334, $24.15, $24.44, $23.8
03/22/2017, $24.09, 2042046, $24.02, $24.11, $23.76
03/21/2017, $24.01, 2850971, $24.03, $24.14, $23.41
03/20/2017, $23.88, 4116190, $24.66, $24.84, $23.755
03/17/2017, $24.64, 5428114, $24.29, $24.67, $24.2
03/16/2017, $24.26, 3133855, $24.59, $24.6, $24.04
03/15/2017, $24.67, 2896544, $24.66, $24.78, $24.3
03/14/2017, $24.56, 1850054, $24.18, $24.635, $24
03/13/2017, $24.19, 3940029, $24.77, $24.8, $24.11
03/10/2017, $25.18, 3049363, $24.63, $25.3, $24.63
03/09/2017, $25, 2398215, $25, $25.24, $24.82
03/08/2017, $25, 2380410, $24.75, $25.165, $24.61
03/07/2017, $24.67, 2314566, $24.79, $24.87, $24.42
03/06/2017, $24.91, 2275486, $25.28, $25.3, $24.71
03/03/2017, $25.28, 1831050, $25.06, $25.32, $25.01
03/02/2017, $24.98, 2475366, $24.47, $25.1, $24.45
03/01/2017, $24.48, 3341282, $24.57, $24.93, $24.2801
02/28/2017, $24.44, 7757276, $26.33, $26.33, $23.57
02/27/2017, $26.52, 2301365, $26.21, $26.6799, $25.68
02/24/2017, $26.28, 1991774, $25.55, $26.5, $25.45
02/23/2017, $25.56, 2462183, $26.32, $26.34, $25.52
02/22/2017, $26.26, 1378113, $26.2, $26.3, $26.02
02/21/2017, $26.22, 2720290, $25.84, $26.25, $25.75
02/17/2017, $25.57, 1241701, $25.37, $25.605, $25.291
02/16/2017, $25.42, 1795835, $25.7, $25.88, $25.3
02/15/2017, $25.78, 2146932, $25.75, $26.08, $25.54
02/14/2017, $25.74, 1542816, $25.27, $25.87, $25.25
02/13/2017, $25.37, 1470845, $25.75, $25.8499, $25.295
02/10/2017, $25.66, 1520994, $25.52, $25.75, $25.29
02/09/2017, $25.39, 1488297, $24.87, $25.4, $24.75
02/08/2017, $24.79, 1388358, $24.59, $24.855, $24.5366
02/07/2017, $24.63, 2179559, $24.7, $24.995, $24.51
02/06/2017, $24.68, 1704557, $24.74, $24.945, $24.52
02/03/2017, $24.74, 2242685, $24.35, $24.9, $24.28
02/02/2017, $24.38, 1651592, $24.39, $24.58, $24.27
02/01/2017, $24.3, 1752942, $24.49, $24.635, $24.08
01/31/2017, $24.49, 1596938, $23.98, $24.54, $23.86
01/30/2017, $24.18, 1731271, $24.12, $24.23, $23.845
01/27/2017, $24.31, 2669364, $24.28, $24.5, $23.96
01/26/2017, $24.22, 3160330, $24.25, $24.69, $24.1211
01/25/2017, $24.17, 1887323, $24, $24.22, $23.93
01/24/2017, $23.87, 2850488, $23.94, $24.15, $23.72
01/23/2017, $23.93, 2186066, $23.67, $24, $23.45
01/20/2017, $23.58, 2566114, $23.46, $23.6325, $23.33
01/19/2017, $23.31, 2002399, $23.53, $23.69, $23.18
01/18/2017, $23.49, 2181601, $23.3, $23.615, $22.9
01/17/2017, $23.34, 4981880, $22.74, $23.75, $22.68
01/13/2017, $22.73, 14823120, $22.29, $23.19, $22.271
01/12/2017, $24.72, 2642949, $24.61, $24.94, $24.58
01/11/2017, $24.61, 2542925, $24.74, $25.13, $24.5
01/10/2017, $24.64, 2243108, $24.52, $25.095, $24.44
01/09/2017, $24.49, 1646678, $24.6, $24.66, $24.33
01/06/2017, $24.52, 2334356, $25.15, $25.17, $24.5
01/05/2017, $25, 3037608, $25.56, $25.56, $24.9
01/04/2017, $25.92, 2243543, $25.58, $26.05, $25.58
01/03/2017, $25.37, 1941343, $25.44, $25.47, $25.018
12/30/2016, $25.26, 1747350, $25.42, $25.75, $25.215
12/29/2016, $25.34, 1714842, $25.24, $25.76, $25.24
12/28/2016, $25.27, 1716121, $25.79, $25.95, $25.08
12/27/2016, $25.95, 1596134, $25.41, $26, $25.4
12/23/2016, $25.41, 1976995, $25.56, $26.01, $25.32
12/22/2016, $25.06, 2296463, $26.37, $26.37, $25.04
12/21/2016, $26.39, 1879529, $26.07, $26.54, $25.85
12/20/2016, $26.12, 1030743, $25.86, $26.1599, $25.84
12/19/2016, $25.9, 1315480, $25.41, $25.91, $25.41
12/16/2016, $25.42, 3383294, $25.35, $25.68, $25.29
12/15/2016, $25.34, 1964854, $25.27, $25.71, $25.1
12/14/2016, $25.28, 2373291, $26.34, $26.42, $25.187
12/13/2016, $26.39, 2399343, $26.51, $26.845, $26.33
12/12/2016, $26.42, 2146187, $26.06, $26.47, $25.77
12/09/2016, $26.02, 2451633, $25.9, $26.33, $25.77
12/08/2016, $25.97, 3100176, $26, $26.175, $25.54
12/07/2016, $25.94, 2799071, $25.17, $26.11, $25.16
12/06/2016, $24.89, 1506876, $24.65, $24.93, $24.59
12/05/2016, $24.52, 2335278, $24.44, $24.88, $24.27
12/02/2016, $24.27, 1572836, $24.61, $24.83, $24.13
12/01/2016, $24.64, 1441357, $24.66, $25.02, $24.45
11/30/2016, $24.69, 3191256, $24.46, $24.84, $24.25
11/29/2016, $24.49, 2321086, $24.85, $25.03, $24.35
11/28/2016, $25.15, 2815104, $26, $26, $24.755
11/25/2016, $25.82, 2313321, $26.14, $26.485, $25.78
11/23/2016, $26.06, 9384758, $24.73, $26.41, $24.64
11/22/2016, $24.11, 3723760, $23.69, $24.21, $23.6
11/21/2016, $23.46, 2235885, $23.53, $23.57, $23.16
11/18/2016, $23.46, 1678016, $23.37, $23.54, $23.025
11/17/2016, $23.46, 1143916, $23.31, $23.5, $23.01
11/16/2016, $23.06, 1706574, $22.53, $23.18, $22.44
11/15/2016, $22.65, 2216423, $22.93, $22.99, $22.19
11/14/2016, $22.99, 2075480, $22.44, $23.29, $22.4
11/11/2016, $22.32, 2197353, $21.81, $22.37, $21.5
11/10/2016, $21.87, 2523820, $21.76, $22.52, $21.71
11/09/2016, $21.53, 1740783, $20.59, $21.61, $20.501
11/08/2016, $20.91, 1884046, $21.14, $21.25, $20.86
11/07/2016, $21.24, 2882270, $21, $21.53, $20.75
11/04/2016, $20.73, 3076377, $20.79, $21.22, $20.605
11/03/2016, $20.83, 5558694, $20.77, $20.92, $20.52
11/02/2016, $20.93, 13648120, $20.59, $21.54, $20.1
11/01/2016, $23.56, 2499193, $24.01, $24.01, $23.315
10/31/2016, $24.05, 2151571, $23.95, $24.18, $23.76
10/28/2016, $23.9, 1870065, $23.99, $24.22, $23.69
10/27/2016, $23.99, 2703856, $24.84, $24.906, $23.89
10/26/2016, $24.77, 3323900, $24.73, $25.19, $24.35
10/25/2016, $24.75, 1909931, $25.02, $25.15, $24.6547
10/24/2016, $25.14, 1873800, $25.37, $25.37, $24.85
10/21/2016, $25.01, 1753082, $25.09, $25.09, $24.72
10/20/2016, $25.11, 2266097, $24.95, $25.2, $24.91
10/19/2016, $25, 2332976, $24.88, $25.01, $24.45
10/18/2016, $24.82, 2069377, $24.97, $25.11, $24.775
10/17/2016, $24.7, 5481100, $25.32, $25.57, $24.65
10/14/2016, $25.38, 3136067, $25.58, $25.69, $25.11
10/13/2016, $25.47, 2680261, $26, $26.14, $25.35
10/12/2016, $26.12, 2447112, $26.14, $26.46, $26
10/11/2016, $26.05, 2137343, $26.82, $26.86, $26.01
10/10/2016, $26.83, 1599591, $26.84, $27.14, $26.65
10/07/2016, $26.68, 2145391, $26.8, $26.93, $26.47
10/06/2016, $26.68, 3746856, $27.08, $27.1, $26.3
10/05/2016, $27.2, 1941112, $27.27, $27.48, $26.95
10/04/2016, $27.13, 2345715, $27.78, $27.84, $27.03
10/03/2016, $27.78, 1625697, $27.59, $27.86, $27.45
09/30/2016, $27.59, 1788782, $27.38, $27.7, $27.25
09/29/2016, $27.14, 1755452, $27.5, $27.66, $27.125
09/28/2016, $27.49, 1166373, $27.45, $27.855, $27.2
09/27/2016, $27.43, 1437525, $27.65, $27.76, $27.27
09/26/2016, $27.64, 1074886, $28.11, $28.2, $27.64
09/23/2016, $28.19, 1370326, $28.24, $28.58, $28.19
09/22/2016, $28.27, 1789858, $28.29, $28.45, $27.89
09/21/2016, $28.13, 1663701, $27.79, $28.16, $27.7101
09/20/2016, $27.72, 1865128, $28.08, $28.18, $27.63
09/19/2016, $27.9, 3349975, $27.39, $28.175, $27.39
09/16/2016, $27.09, 1921873, $27.21, $27.2616, $26.9
09/15/2016, $27.25, 2210690, $26.88, $27.2672, $26.692
09/14/2016, $27.03, 1854281, $27.63, $27.63, $26.935
09/13/2016, $26.99, 2825348, $26.95, $27.39, $26.81
09/12/2016, $27.04, 3606028, $27.38, $27.38, $26.85
09/09/2016, $27.18, 2484720, $27.94, $28.03, $27.17
09/08/2016, $27.78, 1728754, $27.97, $28.11, $27.75
09/07/2016, $28.13, 1516245, $28.03, $28.2299, $27.89
09/06/2016, $28.37, 1944117, $28.38, $28.67, $28.25
09/02/2016, $28.39, 1690754, $28.21, $28.48, $28.04
09/01/2016, $28.03, 2094881, $28.47, $28.5778, $27.97
08/31/2016, $28.39, 2827455, $28.48, $28.9499, $28.31
08/30/2016, $28.49, 2859089, $28.89, $28.96, $28.27
08/29/2016, $28.97, 4405544, $28.75, $28.97, $28.34
08/26/2016, $28.74, 14492510, $30.22, $30.51, $28.69
08/25/2016, $32.16, 6091551, $31.67, $32.25, $31.28
08/24/2016, $31.71, 2713812, $32.13, $32.41, $31.62
08/23/2016, $32.09, 2839347, $32.03, $32.67, $31.83
08/22/2016, $31.46, 1671844, $32, $32.1, $31.2607
08/19/2016, $31.72, 2164838, $31.06, $31.92, $30.89
08/18/2016, $31.17, 1580156, $30.93, $31.185, $30.565
08/17/2016, $30.82, 1762462, $30.87, $30.94, $30.5
08/16/2016, $31.17, 1586892, $31.66, $31.95, $31.16
08/15/2016, $31.73, 1430096, $31.31, $32.08, $31.31
08/12/2016, $31.35, 2146046, $31, $31.73, $30.82
08/11/2016, $31.11, 2464282, $30.53, $31.17, $30.43
08/10/2016, $30.15, 1750279, $29.6, $30.23, $29.6
08/09/2016, $29.63, 2247634, $29.76, $30.22, $29.5
08/08/2016, $29.79, 2044143, $30.14, $30.39, $29.6417
08/05/2016, $30.04, 2612290, $29.89, $30.59, $29.811
08/04/2016, $29.66, 1205054, $29.54, $30, $29.43
08/03/2016, $29.64, 2360128, $29.04, $29.83, $28.57
08/02/2016, $29.24, 3420680, $30.56, $30.62, $29.215
08/01/2016, $30.35, 2887606, $30.97, $30.99, $30.18
07/29/2016, $30.95, 1597287, $31.25, $31.25, $30.56
07/28/2016, $31.17, 1421948, $31.2, $31.33, $30.79
07/27/2016, $31.32, 2180344, $31.42, $31.575, $31.101
07/26/2016, $31.25, 2520714, $30.82, $31.3, $30.44
07/25/2016, $30.88, 2252163, $30.52, $30.96, $30.05
07/22/2016, $30.81, 2590514, $31, $31.19, $30.65
07/21/2016, $31.01, 4559008, $31.15, $31.85, $30.95
07/20/2016, $31.12, 3771067, $30.11, $31.32, $30.04
07/19/2016, $30.19, 4359530, $30.87, $31.299, $30.01
07/18/2016, $30.19, 7774675, $28, $30.4, $27.87
07/15/2016, $27.99, 2468515, $28.8, $28.8, $27.98
07/14/2016, $28.62, 1997082, $28.95, $29.1, $28.46
07/13/2016, $28.85, 2952831, $28.84, $29.2, $28.68
07/12/2016, $28.74, 3024946, $28.72, $28.97, $28.5
07/11/2016, $28.45, 3565076, $28.11, $28.79, $28.05
07/08/2016, $27.37, 2104070, $26.67, $27.39, $26.66
07/07/2016, $26.33, 2270674, $26.52, $27.03, $26.19
07/06/2016, $26.47, 2490315, $26.23, $26.48, $25.73
07/05/2016, $26.3, 2141053, $27.03, $27.06, $25.96
07/01/2016, $27.06, 2632843, $26.88, $27.38, $26.73
06/30/2016, $26.58, 1859217, $26.51, $26.685, $26.015
06/29/2016, $26.41, 2485709, $26.47, $26.97, $26.37
06/28/2016, $26.05, 2881384, $25.83, $26.18, $25.62
06/27/2016, $25.5, 3061044, $25.31, $25.97, $25.18
06/24/2016, $25.34, 1842855, $25.28, $25.73, $25.26
06/23/2016, $26.33, 1519095, $26.43, $26.55, $26.165
06/22/2016, $26, 1786772, $25.96, $26.28, $25.81
06/21/2016, $25.84, 1569775, $26.37, $26.45, $25.71
06/20/2016, $26.4, 2280904, $26.45, $26.82, $26.35
06/17/2016, $26.15, 2594702, $25.98, $26.6, $25.78
06/16/2016, $25.93, 2230802, $26.06, $26.18, $25.73
06/15/2016, $26.13, 3626645, $25.7, $26.42, $25.61
06/14/2016, $25.73, 3149139, $25.97, $26.04, $25.35
06/13/2016, $26.03, 2331712, $26.45, $26.67, $26.02
06/10/2016, $26.53, 4522583, $26.95, $26.95, $26.16
06/09/2016, $27.27, 3397249, $28.07, $28.27, $27.145
06/08/2016, $28.23, 1920372, $28.47, $28.62, $28.18
06/07/2016, $28.46, 1820986, $28.49, $28.785, $28.3999
06/06/2016, $28.47, 1955157, $28.27, $28.6, $28.044
06/03/2016, $28.63, 2209869, $28.96, $29.05, $28.31
06/02/2016, $28.89, 1968117, $28.98, $29.32, $28.75
06/01/2016, $28.95, 3722744, $29.02, $29.2, $28.45
05/31/2016, $29.1, 9935836, $28.89, $29.35, $28.63
05/27/2016, $28.8, 7558489, $28.04, $28.9299, $27.65
05/26/2016, $29.98, 3381101, $29.99, $30.4242, $29.89
05/25/2016, $29.73, 4611824, $28.77, $29.84, $28.67
05/24/2016, $28.7, 3522602, $28.39, $28.96, $28.15
05/23/2016, $28.47, 2005715, $28.61, $28.87, $28.31
05/20/2016, $28.48, 2329308, $28.68, $28.74, $28.2
05/19/2016, $28.55, 3142472, $28.04, $28.58, $27.52
05/18/2016, $28.03, 3887300, $28.33, $28.365, $27.78
05/17/2016, $28.46, 3047059, $29.09, $29.4, $28.41
05/16/2016, $29.02, 3026056, $28.76, $29.12, $28.56
05/13/2016, $28.73, 2963634, $29.1, $29.32, $28.41
05/12/2016, $29.1, 2149710, $29.3, $29.385, $28.85
05/11/2016, $29.2, 2999302, $30.15, $30.15, $28.92
05/10/2016, $30.52, 1318745, $30.26, $30.66, $30.0111
05/09/2016, $30.19, 1884596, $30.1, $30.487, $30.04
05/06/2016, $30.09, 1955695, $30.21, $30.23, $29.365
05/05/2016, $30.11, 2147806, $30.69, $30.76, $29.97
05/04/2016, $30.74, 2870816, $31.2, $31.34, $30.325
05/03/2016, $31.3, 2640196, $32.21, $32.37, $31.3
05/02/2016, $32.36, 2647796, $32.81, $32.86, $31.95
04/29/2016, $32.8, 2118516, $32.9, $33.02, $32.371
04/28/2016, $32.9, 2145032, $33.17, $33.32, $32.78
04/27/2016, $33.38, 2835823, $33.2, $33.72, $33.1
04/26/2016, $33.32, 1990297, $32.75, $33.335, $32.6
04/25/2016, $32.8, 2062812, $32.68, $33, $32.43
04/22/2016, $32.8, 22220470, $32.27, $32.9, $32.185
04/21/2016, $32.31, 2581381, $32.89, $33.09, $32.205
04/20/2016, $32.89, 2753955, $32.49, $33.29, $32.33
04/19/2016, $32.45, 1661682, $32.34, $32.55, $32.115
04/18/2016, $32.21, 1782222, $31.86, $32.39, $31.63
04/15/2016, $31.79, 2586081, $31.75, $32.14, $31.505
04/14/2016, $31.65, 2561848, $31.36, $31.73, $30.61
04/13/2016, $31.47, 2173271, $30.25, $31.6, $30.185
04/12/2016, $30.09, 1960062, $30, $30.47, $29.71
04/11/2016, $29.88, 2045954, $29.74, $30.62, $29.715
04/08/2016, $29.49, 2122707, $29.27, $29.87, $29.12
04/07/2016, $29.12, 3672614, $30.11, $30.21, $29
04/06/2016, $30.09, 2301548, $30.25, $31.1, $29.79
04/05/2016, $30.29, 1750957, $30.8, $31.08, $30.22
04/04/2016, $30.93, 1491752, $31.39, $31.4155, $30.705
04/01/2016, $31.34, 2135032, $31.73, $31.76, $30.71
03/31/2016, $31.73, 2093701, $31.87, $32.43, $31.67
03/30/2016, $31.76, 2522094, $31.57, $31.97, $31
03/29/2016, $31.51, 3802489, $30.18, $31.93, $30
03/28/2016, $30.09, 8247151, $28.95, $30.95, $28.4
03/24/2016, $30.27, 4406456, $30.34, $30.5, $29.61
03/23/2016, $30.37, 1968274, $30.35, $30.81, $30.05
03/22/2016, $30.18, 2174962, $30.75, $30.79, $30.01
03/21/2016, $30.85, 3357666, $30.92, $31.66, $30.05
03/18/2016, $30.83, 5542390, $31.58, $32.29, $30.79
03/17/2016, $31.36, 3050237, $32.18, $32.22, $31.01
03/16/2016, $31.91, 1562208, $31.15, $32.005, $30.82
03/15/2016, $30.78, 2027864, $31.51, $31.73, $29.97
03/14/2016, $31.66, 1730233, $30.76, $32.03, $30.72
03/11/2016, $30.75, 1619257, $30.54, $31.09, $30.44
03/10/2016, $30.44, 2049508, $31.33, $31.33, $29.94
03/09/2016, $31.29, 2594616, $30.38, $31.57, $30.16
03/08/2016, $30.12, 2328506, $30.89, $30.99, $29.81
03/07/2016, $30.74, 2830326, $31.03, $31.7, $30.38
03/04/2016, $31.23, 2530698, $32.27, $32.56, $31.19
03/03/2016, $32.71, 3548992, $31.36, $32.95, $31.28
03/02/2016, $31.29, 4113131, $30.88, $31.68, $29.16
03/01/2016, $30.94, 2130071, $31.05, $31.24, $30.49
02/29/2016, $30.82, 2350302, $30.44, $31.09, $30.02
02/26/2016, $30.54, 1693958, $30.11, $30.61, $29.93
02/25/2016, $29.96, 1528884, $29.6, $30.06, $29.31
02/24/2016, $29.89, 1604469, $29.42, $29.9, $28.26
02/23/2016, $29.44, 1264704, $29.6, $29.86, $28.98
02/22/2016, $29.21, 1680752, $28.53, $29.63, $28.43
02/19/2016, $28.19, 2132496, $29.22, $29.22, $27.78
02/18/2016, $29.24, 2762033, $28.8, $29.8, $28.67
02/17/2016, $28.74, 1672352, $28.22, $29, $27.96
02/16/2016, $28, 1436048, $27.33, $28.05, $26.89
02/12/2016, $26.98, 2581768, $26.77, $27.38, $26.3
02/11/2016, $26.67, 1479604, $26.45, $26.95, $26.1379
02/10/2016, $26.65, 1369945, $27.2, $27.29, $26.62
02/09/2016, $27.12, 3286843, $27.65, $27.88, $26.71
02/08/2016, $27.89, 2944800, $26.55, $27.96, $26.5
02/05/2016, $26.83, 1545769, $27.01, $27.18, $26.43
02/04/2016, $27.01, 2000193, $26.06, $27.19, $25.38
02/03/2016, $26.17, 2223449, $26.11, $26.28, $24.75
02/02/2016, $25.92, 1840570, $26.63, $26.71, $25.59
02/01/2016, $26.81, 2787257, $26.2, $26.86, $25.85
